{"cameraMode":{"drawMode":0,"name":"Shaded","section":"Shading Mode"},"sceneLighting":false,"audioPlay":false,"sceneViewState":{"showFog":true,"showMaterialUpdate":false,"showSkybox":true,"showFlares":true,"showImageEffects":true,"showParticleSystems":true},"in2DMode":false,"pivot":{"x":84.07661437988281,"y":53.92085647583008,"z":171.45977783203126},"rotation":{"x":0.05421685054898262,"y":-0.04941181465983391,"z":0.002686114516109228,"w":0.9973042607307434},"size":1261.126953125,"orthographic":false}