{"cameraMode":{"drawMode":0,"name":"Shaded","section":"Shading Mode"},"sceneLighting":false,"audioPlay":false,"sceneViewState":{"showFog":true,"showMaterialUpdate":false,"showSkybox":true,"showFlares":true,"showImageEffects":true,"showParticleSystems":true},"in2DMode":false,"pivot":{"x":0.22416085004806519,"y":0.8380279541015625,"z":7.293354034423828},"rotation":{"x":-0.017686298117041589,"y":0.01799132116138935,"z":0.0003181232314091176,"w":0.9996825456619263},"size":24.742286682128908,"orthographic":false}